{
  "n_mappings": 2,
  "matrices": [
    [
      [
        -0.03974309370110944,
        0.5757993029515796
      ],
      [
        -0.627948590066741,
        -0.023778433539657515
      ]
    ],
    [
      [
        0.16577749310199363,
        -0.5564501136814631
      ],
      [
        0.4922314352805255,
        0.24170367279876787
      ]
    ]
  ],
  "translations": [
    [
      0.24283578848751097,
      0.24675125747362936
    ],
    [
      -0.5880007109987869,
      -0.4879580775167105
    ]
  ],
  "probabilities": [
    0.5238685678967957,
    0.47613143210320436
  ],
  "generation_time": "2025-12-04 14:18:01"
}