{
  "n_mappings": 4,
  "matrices": [
    [
      [
        -0.05071118166164432,
        0.42383221149254824
      ],
      [
        -0.40983555245474446,
        -0.09708814085182052
      ]
    ],
    [
      [
        0.22324314723158356,
        -0.723681322421651
      ],
      [
        0.6082787553676097,
        0.14698028042238065
      ]
    ],
    [
      [
        -0.7265289888550419,
        0.06175931820939681
      ],
      [
        -0.19254282129762296,
        -0.7345309991546984
      ]
    ],
    [
      [
        -0.20536068956970377,
        0.3868348771827199
      ],
      [
        -0.3838024223740613,
        -0.21267105336763914
      ]
    ]
  ],
  "translations": [
    [
      -0.3443239453730622,
      -0.4163754165999338
    ],
    [
      0.4063151899500501,
      0.11971512857526678
    ],
    [
      0.17968021901635822,
      -0.01989140541279122
    ],
    [
      -0.19032991370375252,
      -0.4358435663088354
    ]
  ],
  "probabilities": [
    0.3033529573076884,
    0.3166998206790994,
    0.11529742192637984,
    0.2646498000868323
  ],
  "generation_time": "2025-12-04 14:17:49"
}