{
  "n_mappings": 4,
  "matrices": [
    [
      [
        -0.2612815683125186,
        -0.41365015490471624
      ],
      [
        0.31991658832379727,
        -0.27364872251776023
      ]
    ],
    [
      [
        -0.6629702583400447,
        -0.021704250436431906
      ],
      [
        0.014890459780122996,
        -0.6281787176489383
      ]
    ],
    [
      [
        -0.07947705555238944,
        0.3475608465520351
      ],
      [
        -0.2789460157684378,
        -0.08832073476259553
      ]
    ],
    [
      [
        -0.0785276144650067,
        0.3825776897087826
      ],
      [
        -0.40833596216028056,
        -0.15477426605292002
      ]
    ]
  ],
  "translations": [
    [
      -0.2681796558106058,
      0.21277035975793257
    ],
    [
      0.28277357366811584,
      -0.6483504518670669
    ],
    [
      -0.607007424306896,
      -0.6093493349770137
    ],
    [
      -0.6346220022649378,
      0.4275942892808473
    ]
  ],
  "probabilities": [
    0.22882716861095728,
    0.2433438742111519,
    0.26772191450723964,
    0.2601070426706511
  ],
  "generation_time": "2025-12-04 14:00:56"
}