{
  "n_mappings": 2,
  "matrices": [
    [
      [
        0.4079458328485414,
        0.09596825575975028
      ],
      [
        0.023783370546816104,
        0.4907632018763319
      ]
    ],
    [
      [
        0.05382874117029967,
        0.4781471690427881
      ],
      [
        -0.5292793027971542,
        -0.05418491140231906
      ]
    ]
  ],
  "translations": [
    [
      -0.18503212413590775,
      -0.4267025117406331
    ],
    [
      -0.2884068967389002,
      -0.23367669217270814
    ]
  ],
  "probabilities": [
    0.3825216047261905,
    0.6174783952738094
  ],
  "generation_time": "2025-12-04 14:17:18"
}