{
  "n_mappings": 5,
  "matrices": [
    [
      [
        -0.2079909535077773,
        -0.3570600705705178
      ],
      [
        0.3511172613952017,
        -0.20737130213513189
      ]
    ],
    [
      [
        -0.23900289392783824,
        -0.6218878546496436
      ],
      [
        0.5985785624831239,
        -0.33727179216815617
      ]
    ],
    [
      [
        0.5272509079252187,
        0.22718037762831172
      ],
      [
        -0.12713428879872785,
        0.4505215893467315
      ]
    ],
    [
      [
        0.5721966699004196,
        0.3966150035065857
      ],
      [
        -0.44301151516639264,
        0.6635032489485445
      ]
    ],
    [
      [
        -0.15170934355893703,
        0.7955237329433271
      ],
      [
        -0.8040182889879078,
        -0.13897407201933581
      ]
    ]
  ],
  "translations": [
    [
      -0.5428969137507497,
      -0.5868457584470543
    ],
    [
      0.23476482761516093,
      0.28442640478868686
    ],
    [
      -0.39332664663136024,
      0.03193206239494484
    ],
    [
      -0.6760838317673572,
      0.28438629859386744
    ],
    [
      0.0035853533774463653,
      0.10267843185489134
    ]
  ],
  "probabilities": [
    0.1839842275514378,
    0.17654003820866826,
    0.2504065011615,
    0.2864455463178107,
    0.1026236867605832
  ],
  "generation_time": "2025-12-04 14:01:16"
}