{
  "n_mappings": 5,
  "matrices": [
    [
      [
        0.5986605159629041,
        0.23826381368455352
      ],
      [
        -0.3487962727597844,
        0.5439736549280096
      ]
    ],
    [
      [
        -0.01124353889416227,
        -0.5419855760179119
      ],
      [
        0.5611492199416717,
        -0.05749038812720961
      ]
    ],
    [
      [
        -0.02531140748552356,
        0.7367633105402553
      ],
      [
        -0.5974776888269367,
        -0.10925745345965805
      ]
    ],
    [
      [
        0.3968465424692621,
        0.1409611997315795
      ],
      [
        -0.06458601302288762,
        0.3464284261822962
      ]
    ],
    [
      [
        -0.23213107962466142,
        -0.5126105634693052
      ],
      [
        0.5620810422733463,
        -0.3506431830604848
      ]
    ]
  ],
  "translations": [
    [
      -0.26683913649450736,
      0.6239779421774305
    ],
    [
      -0.10932143301621233,
      0.43683934993286133
    ],
    [
      0.6394670877852617,
      -0.6760827282207268
    ],
    [
      0.00016433764933831974,
      -0.16591083917161686
    ],
    [
      0.5995506651349829,
      -0.2941056474778064
    ]
  ],
  "probabilities": [
    0.223202911300235,
    0.22056582092939161,
    0.21443811791584128,
    0.214117818143442,
    0.12767533171109
  ],
  "generation_time": "2025-12-04 14:01:44"
}