{
  "n_mappings": 4,
  "matrices": [
    [
      [
        -0.47558922308425144,
        -0.41294293110814406
      ],
      [
        0.41396011912455405,
        -0.6503767290338138
      ]
    ],
    [
      [
        0.19060999165555714,
        0.5184898622380363
      ],
      [
        -0.5917090937110101,
        0.19177918521690807
      ]
    ],
    [
      [
        -0.09272411569327454,
        -0.4020293710285202
      ],
      [
        0.4478961518767203,
        0.04979845542502637
      ]
    ],
    [
      [
        -0.0022593674654899226,
        -0.5821524963676973
      ],
      [
        0.6456131526942523,
        0.06940537612122435
      ]
    ]
  ],
  "translations": [
    [
      -0.12503873308420255,
      0.09287227793848585
    ],
    [
      -0.43438306546409033,
      0.6835402842945513
    ],
    [
      -0.5116626137068788,
      0.20593407136092867
    ],
    [
      0.4574455897796379,
      -0.20548147638756492
    ]
  ],
  "probabilities": [
    0.3204581248896688,
    0.15751716173887617,
    0.1978447088319289,
    0.3241800045395261
  ],
  "generation_time": "2025-12-04 14:16:55"
}