{
  "n_mappings": 4,
  "matrices": [
    [
      [
        -0.5151054229725294,
        0.6454531066652787
      ],
      [
        -0.5191196300046425,
        -0.4376106507004636
      ]
    ],
    [
      [
        0.40444616752767504,
        -0.5776621250993701
      ],
      [
        0.526888234373899,
        0.2869537134415239
      ]
    ],
    [
      [
        -0.18466007781299015,
        0.6413677882588743
      ],
      [
        -0.7103354274861652,
        -0.25932072615404494
      ]
    ],
    [
      [
        0.03342745162869337,
        -0.4148117488982418
      ],
      [
        0.3658396605797888,
        -0.10115495302296373
      ]
    ]
  ],
  "translations": [
    [
      0.6895601832317184,
      -0.41024978496951076
    ],
    [
      0.03891424516786979,
      -0.32651514815592975
    ],
    [
      0.35691108629610313,
      0.10449955133619448
    ],
    [
      0.5018450917275785,
      -0.5787850076035431
    ]
  ],
  "probabilities": [
    0.19622487147500184,
    0.23741179698425674,
    0.3386753012860835,
    0.22768803025465797
  ],
  "generation_time": "2025-12-04 14:01:57"
}