{
  "n_mappings": 2,
  "matrices": [
    [
      [
        0.6713376071874483,
        0.009985746704198242
      ],
      [
        -0.013912193735576475,
        0.7346704750088154
      ]
    ],
    [
      [
        -0.5607020867085029,
        -0.24424744428912049
      ],
      [
        0.09292100801155118,
        -0.5030854906245626
      ]
    ]
  ],
  "translations": [
    [
      -0.38208817919139015,
      -0.4411439765870578
    ],
    [
      0.062183487790252956,
      -0.3363220961243918
    ]
  ],
  "probabilities": [
    0.7203603427427885,
    0.2796396572572115
  ],
  "generation_time": "2025-12-04 14:02:11"
}