{
  "n_mappings": 3,
  "matrices": [
    [
      [
        -0.42692623894692605,
        -0.5311215707183876
      ],
      [
        0.5393762569017522,
        -0.4394727851305759
      ]
    ],
    [
      [
        -0.39449664503706033,
        0.43178464632471636
      ],
      [
        -0.3232636098407423,
        -0.3791215118468429
      ]
    ],
    [
      [
        -0.2809292658967228,
        0.3112261468458738
      ],
      [
        -0.3392976646458647,
        -0.26586633714215785
      ]
    ]
  ],
  "translations": [
    [
      -0.6570169959909256,
      -0.18639779032830084
    ],
    [
      0.6410907899744378,
      -0.1999554924086121
    ],
    [
      -0.4128738305684098,
      0.1929111897306398
    ]
  ],
  "probabilities": [
    0.30761306533947874,
    0.36901242313432625,
    0.323374511526195
  ],
  "generation_time": "2025-12-04 14:16:36"
}