{
  "n_mappings": 2,
  "matrices": [
    [
      [
        0.11885507409389645,
        0.5507681338035855
      ],
      [
        -0.5471530501294801,
        0.04019263956095936
      ]
    ],
    [
      [
        -0.49011831243715887,
        -0.05573319313674165
      ],
      [
        0.06841420682510727,
        -0.5089539255616865
      ]
    ]
  ],
  "translations": [
    [
      0.5212389017079644,
      0.45793073706109433
    ],
    [
      0.23309691006562172,
      0.16604985824478657
    ]
  ],
  "probabilities": [
    0.4431423192655487,
    0.5568576807344512
  ],
  "generation_time": "2025-12-04 14:16:47"
}