{
  "n_mappings": 3,
  "matrices": [
    [
      [
        0.44139715036178334,
        0.016454918222779724
      ],
      [
        0.09002767526712357,
        0.591666878714262
      ]
    ],
    [
      [
        -0.20316245362388277,
        0.5066022928578323
      ],
      [
        -0.4936289632557992,
        -0.19716381146501863
      ]
    ],
    [
      [
        -0.6744393004222258,
        0.37008306390235446
      ],
      [
        -0.34839770401796066,
        -0.7506103135028093
      ]
    ]
  ],
  "translations": [
    [
      -0.28079226617112885,
      0.6944749919588877
    ],
    [
      -0.39901869577640176,
      -0.30613699201146144
    ],
    [
      0.5450611146181565,
      -0.015006100441482206
    ]
  ],
  "probabilities": [
    0.2134853001055601,
    0.55585859304082,
    0.23065610685361998
  ],
  "generation_time": "2025-12-04 14:01:32"
}