{
  "n_mappings": 5,
  "matrices": [
    [
      [
        -0.12497210998491465,
        0.29908598381860574
      ],
      [
        -0.34594301208284817,
        -0.2734011749030516
      ]
    ],
    [
      [
        -0.6075278664163233,
        0.1239361027334761
      ],
      [
        -0.18411506778878803,
        -0.7058430411260722
      ]
    ],
    [
      [
        0.19625122332931244,
        0.5170378180352064
      ],
      [
        -0.5308601119191363,
        0.21409809392064183
      ]
    ],
    [
      [
        -0.448754493311637,
        -0.6275523337967536
      ],
      [
        0.6467348359783384,
        -0.25308350639863464
      ]
    ],
    [
      [
        -0.06469214085346899,
        -0.6289380437872799
      ],
      [
        0.6214580952798168,
        -0.046175543667986416
      ]
    ]
  ],
  "translations": [
    [
      0.05376060427020102,
      0.23835258546241356
    ],
    [
      -0.6201561612154418,
      -0.376839819190175
    ],
    [
      0.5229829251373102,
      0.11176379504477685
    ],
    [
      0.2227279960859344,
      -0.17962456386379344
    ],
    [
      -0.6576989825802915,
      -0.33019492777347875
    ]
  ],
  "probabilities": [
    0.2544108855387396,
    0.25098407196300315,
    0.10966314129815033,
    0.25029176622093996,
    0.13465013497916709
  ],
  "generation_time": "2025-12-04 14:16:22"
}