{
  "n_mappings": 2,
  "matrices": [
    [
      [
        0.5081396326176366,
        0.09538722439936533
      ],
      [
        -0.04869654129531719,
        0.43436855432857896
      ]
    ],
    [
      [
        0.40170014351501676,
        0.27991536755156843
      ],
      [
        -0.19991346874998903,
        0.4217470495138807
      ]
    ]
  ],
  "translations": [
    [
      0.5152270458274832,
      0.528240570485923
    ],
    [
      0.1436792093758844,
      -0.5357567099326298
    ]
  ],
  "probabilities": [
    0.47220892908936035,
    0.5277910709106397
  ],
  "generation_time": "2025-12-04 14:17:41"
}