{
  "n_mappings": 3,
  "matrices": [
    [
      [
        0.32928361384415183,
        -0.4386047187893101
      ],
      [
        0.4661602309997373,
        0.3442445380610148
      ]
    ],
    [
      [
        -0.2963533601041839,
        -0.33775117520812353
      ],
      [
        0.4746472147391458,
        -0.3772366538718105
      ]
    ],
    [
      [
        0.28262214823121723,
        0.17281080052658118
      ],
      [
        -0.32888963108822344,
        0.18385964288392537
      ]
    ]
  ],
  "translations": [
    [
      0.3104881881559993,
      0.3588853924665725
    ],
    [
      -0.11201440192111589,
      0.1469925825591798
    ],
    [
      0.19574280553730095,
      0.06052030161254507
    ]
  ],
  "probabilities": [
    0.167255789314158,
    0.40289565645889047,
    0.4298485542269515
  ],
  "generation_time": "2025-12-04 14:01:07"
}