{
  "n_mappings": 3,
  "matrices": [
    [
      [
        -0.33826998851446805,
        0.12396763136159136
      ],
      [
        -0.2559480774107997,
        -0.24282766897324734
      ]
    ],
    [
      [
        -0.0037898383759435647,
        -0.36651303231905286
      ],
      [
        0.22640833652110515,
        0.033550419747047124
      ]
    ],
    [
      [
        0.31191208151854766,
        0.42322266182432866
      ],
      [
        -0.42842403162549103,
        0.24302454747748742
      ]
    ]
  ],
  "translations": [
    [
      -0.5793202246988557,
      -0.6598895296903877
    ],
    [
      -0.5003003529776053,
      -0.4540289828617939
    ],
    [
      -0.4588388402493744,
      -0.6590788522232709
    ]
  ],
  "probabilities": [
    0.3389882595928002,
    0.278695252496907,
    0.3823164879102928
  ],
  "generation_time": "2025-12-04 14:17:09"
}