{
  "n_mappings": 5,
  "matrices": [
    [
      [
        -0.16701153072278793,
        0.27044435014904245
      ],
      [
        -0.271185204366052,
        -0.18881649727192618
      ]
    ],
    [
      [
        -0.2933626763223935,
        0.341611444837729
      ],
      [
        -0.35637168452617046,
        -0.38094639304831857
      ]
    ],
    [
      [
        -0.3748021772918779,
        0.15544540716343327
      ],
      [
        -0.3345188760389436,
        -0.5258412400558433
      ]
    ],
    [
      [
        0.4302342300976358,
        -0.259980560267576
      ],
      [
        0.305071847276674,
        0.5002880839860034
      ]
    ],
    [
      [
        -0.4042346355000534,
        -0.3825363241496051
      ],
      [
        0.48514736348718224,
        -0.4019589173981071
      ]
    ]
  ],
  "translations": [
    [
      -0.5306132102349512,
      0.5453389210313531
    ],
    [
      0.12629236216185302,
      0.2645832087091057
    ],
    [
      -0.6385069055628961,
      0.20582736208828956
    ],
    [
      -0.02894318520166539,
      -0.43586542306698106
    ],
    [
      0.37917564773409995,
      -0.5484382597013244
    ]
  ],
  "probabilities": [
    0.187264847184944,
    0.25904941821538735,
    0.20291368200612855,
    0.17915023626140403,
    0.17162181633213605
  ],
  "generation_time": "2025-12-04 14:02:29"
}