{
  "n_mappings": 3,
  "matrices": [
    [
      [
        0.22174486522916437,
        0.5013007902222064
      ],
      [
        -0.4436876000912184,
        0.2984510653450547
      ]
    ],
    [
      [
        0.10064204703879251,
        0.5012657232064885
      ],
      [
        -0.4732636056006957,
        0.15673025013177316
      ]
    ],
    [
      [
        -0.5629519798357044,
        0.35125943162351164
      ],
      [
        -0.39288915031442945,
        -0.625639409875172
      ]
    ]
  ],
  "translations": [
    [
      -0.48799413562990945,
      0.6240387383368653
    ],
    [
      -0.46648063646395055,
      -0.6937240565393709
    ],
    [
      0.6659932059815139,
      0.3100193486732148
    ]
  ],
  "probabilities": [
    0.4370813556612262,
    0.3760337021400116,
    0.18688494219876228
  ],
  "generation_time": "2025-12-04 14:02:43"
}