{
  "n_mappings": 2,
  "matrices": [
    [
      [
        0.3648445187175132,
        -0.3286970722733845
      ],
      [
        0.34055274758305626,
        0.34101277123175033
      ]
    ],
    [
      [
        0.19764015817003433,
        -0.30438359709091345
      ],
      [
        0.3734330872476184,
        0.2365741637058231
      ]
    ]
  ],
  "translations": [
    [
      -0.21143833834724995,
      0.014310118280440931
    ],
    [
      -0.4460614112955074,
      0.16295131709669552
    ]
  ],
  "probabilities": [
    0.4734898284526887,
    0.5265101715473113
  ],
  "generation_time": "2025-12-04 14:02:21"
}