{
  "n_mappings": 4,
  "matrices": [
    [
      [
        -0.23715498046638922,
        -0.6425445747441838
      ],
      [
        0.5650120729116344,
        -0.12622964236676304
      ]
    ],
    [
      [
        0.8129097999188678,
        -0.09996101936609328
      ],
      [
        0.1041712195647225,
        0.7932303845016014
      ]
    ],
    [
      [
        0.6339244521485349,
        0.360157308378551
      ],
      [
        -0.39295083916934387,
        0.6100879225182215
      ]
    ],
    [
      [
        0.42054268231643865,
        -0.6260044164918994
      ],
      [
        0.7407321824051156,
        0.2822826660806445
      ]
    ]
  ],
  "translations": [
    [
      0.49326796463991895,
      0.6900822239383251
    ],
    [
      -0.5195922423807384,
      -0.304903789358847
    ],
    [
      0.1390189202866875,
      0.6768817668330935
    ],
    [
      -0.30783753021879295,
      0.6400748915610921
    ]
  ],
  "probabilities": [
    0.2595016116151957,
    0.17093991532034833,
    0.4235027656720785,
    0.14605570739237742
  ],
  "generation_time": "2025-12-04 14:17:26"
}